{
  "train_accuracy": 0.955840901973066,
  "train_f1": 0.5537974683544303,
  "train_precision": 0.9497964721845319,
  "train_recall": 0.3908431044109436,
  "test_accuracy": 0.9498903852176637,
  "test_f1": 0.4788273615635179,
  "test_precision": 0.8855421686746988,
  "test_recall": 0.328125,
  "accuracy": 0.9498903852176637,
  "f1": 0.4788273615635179
}